P10B_S6_bin.1.1_152	3f2d337a2f77e810b2c5c8cf5be4d095	223	SMART	SM00382	AAA_5	27	215	4.7E-16	T	23-07-2025	IPR003593	AAA+ ATPase domain
P10B_S6_bin.1.1_312	a58a313f15edaefb5106bcb24194b362	518	SMART	SM00382	AAA_5	218	402	6.5E-4	T	23-07-2025	IPR003593	AAA+ ATPase domain
P10B_S6_bin.1.1_86	032da7363f61349eebb6063a5f6ac1aa	342	SMART	SM00382	AAA_5	68	239	6.8E-12	T	23-07-2025	IPR003593	AAA+ ATPase domain
P10B_S6_bin.1.1_208	38181c261b45c5a166b29c2af37c2e97	468	Pfam	PF00004	ATPase family associated with various cellular activities (AAA)	167	269	2.5E-5	T	23-07-2025	IPR003959	ATPase, AAA-type, core
P10B_S6_bin.1.1_208	38181c261b45c5a166b29c2af37c2e97	468	SMART	SM00382	AAA_5	163	295	5.1E-10	T	23-07-2025	IPR003593	AAA+ ATPase domain
P10B_S6_bin.1.1_39	7d51b7ff0ea4a66d785112be33c15a4e	513	SMART	SM00382	AAA_5	157	375	2.2E-5	T	23-07-2025	IPR003593	AAA+ ATPase domain
P10B_S6_bin.1.1_270	34a29912f2ed0dfff177e5f9dde69b0e	237	Pfam	PF00004	ATPase family associated with various cellular activities (AAA)	52	183	1.8E-13	T	23-07-2025	IPR003959	ATPase, AAA-type, core
P10B_S6_bin.1.1_270	34a29912f2ed0dfff177e5f9dde69b0e	237	SMART	SM00382	AAA_5	47	190	9.0E-8	T	23-07-2025	IPR003593	AAA+ ATPase domain
P10B_S6_bin.1.1_51	adf2455f2279e84d79834e414441ff62	359	Pfam	PF00004	ATPase family associated with various cellular activities (AAA)	74	197	7.6E-17	T	23-07-2025	IPR003959	ATPase, AAA-type, core
P10B_S6_bin.1.1_51	adf2455f2279e84d79834e414441ff62	359	SMART	SM00382	AAA_5	69	200	1.7E-14	T	23-07-2025	IPR003593	AAA+ ATPase domain
P10B_S6_bin.1.1_256	7bc33cb8b0da40fe44dd1597e3ba867c	597	SMART	SM00382	AAA_5	32	203	5.0E-9	T	23-07-2025	IPR003593	AAA+ ATPase domain
P10B_S6_bin.1.1_256	7bc33cb8b0da40fe44dd1597e3ba867c	597	SMART	SM00382	AAA_5	308	487	1.2E-6	T	23-07-2025	IPR003593	AAA+ ATPase domain
P10B_S6_bin.1.1_102	53a65400c49c6edbed3b31f62de27edb	268	SMART	SM00382	AAA_5	39	266	8.0E-10	T	23-07-2025	IPR003593	AAA+ ATPase domain
P10B_S6_bin.1.1_136	9f7343f4b096fa39ade59da9e9fe50d7	867	SMART	SM00382	AAA_5	201	346	1.2E-11	T	23-07-2025	IPR003593	AAA+ ATPase domain
P10B_S6_bin.1.1_136	9f7343f4b096fa39ade59da9e9fe50d7	867	SMART	SM00382	AAA_5	600	777	6.3E-8	T	23-07-2025	IPR003593	AAA+ ATPase domain
P10B_S6_bin.1.1_136	9f7343f4b096fa39ade59da9e9fe50d7	867	Pfam	PF00004	ATPase family associated with various cellular activities (AAA)	206	337	1.1E-12	T	23-07-2025	IPR003959	ATPase, AAA-type, core
P10B_S6_bin.1.1_136	9f7343f4b096fa39ade59da9e9fe50d7	867	Pfam	PF00004	ATPase family associated with various cellular activities (AAA)	605	726	2.8E-8	T	23-07-2025	IPR003959	ATPase, AAA-type, core
P10B_S6_bin.1.1_67	ebf669a9947545951f59eb02e9cc5dc8	539	SMART	SM00382	AAA_5	360	526	1.3E-6	T	23-07-2025	IPR003593	AAA+ ATPase domain
P10B_S6_bin.1.1_67	ebf669a9947545951f59eb02e9cc5dc8	539	SMART	SM00382	AAA_5	26	244	7.4E-10	T	23-07-2025	IPR003593	AAA+ ATPase domain
P10B_S6_bin.1.1_27	94d29d3073f5d1fc33d5a142c6f5ab83	413	SMART	SM00382	AAA_5	35	178	1.8E-4	T	23-07-2025	IPR003593	AAA+ ATPase domain
P10B_S6_bin.1.1_26	94d29d3073f5d1fc33d5a142c6f5ab83	413	SMART	SM00382	AAA_5	35	178	1.8E-4	T	23-07-2025	IPR003593	AAA+ ATPase domain
P10B_S6_bin.1.1_244	2e62115ca71750bd0d1affc8b258bef0	212	SMART	SM00382	AAA_5	10	210	1.7E-16	T	23-07-2025	IPR003593	AAA+ ATPase domain
P10B_S6_bin.1.1_240	c46e9e1dfa56300fb45e62a16e92667f	622	SMART	SM00382	AAA_5	411	611	1.7E-16	T	23-07-2025	IPR003593	AAA+ ATPase domain
P10B_S6_bin.1.1_45	585bb0133130fe555a566d1dc6f41939	340	SMART	SM00382	AAA_5	61	202	0.0052	T	23-07-2025	IPR003593	AAA+ ATPase domain
P10B_S6_bin.1.1_45	585bb0133130fe555a566d1dc6f41939	340	Pfam	PF00004	ATPase family associated with various cellular activities (AAA)	65	197	9.8E-5	T	23-07-2025	IPR003959	ATPase, AAA-type, core
P10B_S6_bin.1.1_124	fda10373b1525428158102ec785c229b	469	Pfam	PF00004	ATPase family associated with various cellular activities (AAA)	108	248	1.3E-6	T	23-07-2025	IPR003959	ATPase, AAA-type, core
P10B_S6_bin.1.1_124	fda10373b1525428158102ec785c229b	469	SMART	SM00382	AAA_5	104	257	5.6E-11	T	23-07-2025	IPR003593	AAA+ ATPase domain
P10B_S6_bin.1.1_251	f0744b294f4bf02ed5c3fee29e1c45fa	843	Pfam	PF00004	ATPase family associated with various cellular activities (AAA)	234	363	6.3E-14	T	23-07-2025	IPR003959	ATPase, AAA-type, core
P10B_S6_bin.1.1_251	f0744b294f4bf02ed5c3fee29e1c45fa	843	Pfam	PF00004	ATPase family associated with various cellular activities (AAA)	571	689	7.1E-9	T	23-07-2025	IPR003959	ATPase, AAA-type, core
P10B_S6_bin.1.1_251	f0744b294f4bf02ed5c3fee29e1c45fa	843	SMART	SM00382	AAA_5	566	731	2.5E-9	T	23-07-2025	IPR003593	AAA+ ATPase domain
P10B_S6_bin.1.1_251	f0744b294f4bf02ed5c3fee29e1c45fa	843	SMART	SM00382	AAA_5	229	374	2.6E-14	T	23-07-2025	IPR003593	AAA+ ATPase domain
P10B_S6_bin.1.1_101	567c781a83c7ffa30c4e8b1a4531b755	285	SMART	SM00382	AAA_5	52	245	7.2E-5	T	23-07-2025	IPR003593	AAA+ ATPase domain
P10B_S6_bin.1.1_200	da1b93227f0ab6a958752c7ad35da31e	565	SMART	SM00382	AAA_5	359	537	2.5E-10	T	23-07-2025	IPR003593	AAA+ ATPase domain
P10B_S6_bin.1.1_200	da1b93227f0ab6a958752c7ad35da31e	565	SMART	SM00382	AAA_5	37	247	2.9E-13	T	23-07-2025	IPR003593	AAA+ ATPase domain
P10B_S6_bin.1.1_153	6ab1bd441a61ced6831bfce1678580a0	417	Pfam	PF00004	ATPase family associated with various cellular activities (AAA)	55	160	4.8E-16	T	23-07-2025	IPR003959	ATPase, AAA-type, core
P10B_S6_bin.1.1_153	6ab1bd441a61ced6831bfce1678580a0	417	SMART	SM00382	AAA_5	50	167	7.6E-17	T	23-07-2025	IPR003593	AAA+ ATPase domain
P10B_S6_bin.1.1_304	69da0625381cfcdf997c72ebd2863155	651	SMART	SM00382	AAA_5	403	561	3.5E-6	T	23-07-2025	IPR003593	AAA+ ATPase domain
P10B_S6_bin.1.1_274	9df9da12a5fbbd25f84d69685d80ce8a	824	Pfam	PF00004	ATPase family associated with various cellular activities (AAA)	378	515	1.2E-23	T	23-07-2025	IPR003959	ATPase, AAA-type, core
P10B_S6_bin.1.1_274	9df9da12a5fbbd25f84d69685d80ce8a	824	SMART	SM00382	AAA_5	374	520	5.5E-11	T	23-07-2025	IPR003593	AAA+ ATPase domain
P10B_S6_bin.1.1_66	05a603f3017129a3f6b62c8edcd17936	680	SMART	SM00382	AAA_5	39	257	7.4E-10	T	23-07-2025	IPR003593	AAA+ ATPase domain
P10B_S6_bin.1.1_66	05a603f3017129a3f6b62c8edcd17936	680	SMART	SM00382	AAA_5	373	539	1.3E-6	T	23-07-2025	IPR003593	AAA+ ATPase domain
P10B_S6_bin.1.1_234	abacbdce27bca28a7ba9b94d5fef249e	565	SMART	SM00382	AAA_5	355	541	3.3E-14	T	23-07-2025	IPR003593	AAA+ ATPase domain
P10B_S6_bin.1.1_137	bc825f0888970fa4b1c0f90ec5b5cac2	860	SMART	SM00382	AAA_5	595	772	6.3E-8	T	23-07-2025	IPR003593	AAA+ ATPase domain
P10B_S6_bin.1.1_137	bc825f0888970fa4b1c0f90ec5b5cac2	860	SMART	SM00382	AAA_5	196	341	1.2E-11	T	23-07-2025	IPR003593	AAA+ ATPase domain
P10B_S6_bin.1.1_137	bc825f0888970fa4b1c0f90ec5b5cac2	860	Pfam	PF00004	ATPase family associated with various cellular activities (AAA)	201	332	1.0E-12	T	23-07-2025	IPR003959	ATPase, AAA-type, core
P10B_S6_bin.1.1_137	bc825f0888970fa4b1c0f90ec5b5cac2	860	Pfam	PF00004	ATPase family associated with various cellular activities (AAA)	600	721	2.7E-8	T	23-07-2025	IPR003959	ATPase, AAA-type, core
P10B_S6_bin.1.1_34	faa36f1c5cefd4c0e20030101384c092	326	SMART	SM00382	AAA_5	124	325	5.2E-9	T	23-07-2025	IPR003593	AAA+ ATPase domain
P10B_S6_bin.1.1_266	bb375953739f85de6b790ef17ab1ef9d	440	SMART	SM00382	AAA_5	101	303	2.1E-9	T	23-07-2025	IPR003593	AAA+ ATPase domain
P10B_S6_bin.1.1_23	6012a7b3e53d8dbff58331adf8269af8	559	SMART	SM00382	AAA_5	375	559	1.8E-14	T	23-07-2025	IPR003593	AAA+ ATPase domain
P10B_S6_bin.1.1_56	275de5e107de72c8094300e57dc85ecc	415	Pfam	PF00004	ATPase family associated with various cellular activities (AAA)	115	246	3.9E-15	T	23-07-2025	IPR003959	ATPase, AAA-type, core
P10B_S6_bin.1.1_56	275de5e107de72c8094300e57dc85ecc	415	SMART	SM00382	AAA_5	111	272	3.0E-9	T	23-07-2025	IPR003593	AAA+ ATPase domain
P10B_S6_bin.1.1_224	9382a6a949a42addd0187aef5ac7808c	684	SMART	SM00382	AAA_5	232	372	3.1E-22	T	23-07-2025	IPR003593	AAA+ ATPase domain
P10B_S6_bin.1.1_224	9382a6a949a42addd0187aef5ac7808c	684	Pfam	PF00004	ATPase family associated with various cellular activities (AAA)	237	369	2.2E-45	T	23-07-2025	IPR003959	ATPase, AAA-type, core
P10B_S6_bin.1.1_224	9382a6a949a42addd0187aef5ac7808c	684	TIGRFAM	TIGR01241	FtsH_fam: ATP-dependent metallopeptidase HflB	145	632	4.7E-210	T	23-07-2025	IPR005936	Peptidase, FtsH
P10B_S6_bin.1.1_201	5eaa7b0438cf3eee00f4995c14ea14f0	559	SMART	SM00382	AAA_5	353	531	2.5E-10	T	23-07-2025	IPR003593	AAA+ ATPase domain
P10B_S6_bin.1.1_201	5eaa7b0438cf3eee00f4995c14ea14f0	559	SMART	SM00382	AAA_5	31	241	2.9E-13	T	23-07-2025	IPR003593	AAA+ ATPase domain
P10B_S6_bin.1.1_58	8c1965e0ba67aca9f5a0b5ad1ad798e5	103	Pfam	PF00004	ATPase family associated with various cellular activities (AAA)	49	95	7.6E-7	T	23-07-2025	IPR003959	ATPase, AAA-type, core
